Error results for RHC,
---------------------------,
5046.176,1284.633
5046.176,1284.633
5045.398,1284.427
5045.398,1284.427
5045.015,1284.3
5045.015,1284.3
5044.965,1284.27
5044.965,1284.27
5044.965,1284.27
5044.964,1284.269
5044.964,1284.269
5044.964,1284.269
5044.964,1284.269
5044.964,1284.269
5043.744,1283.853
5043.744,1283.853
5044.207,1284.143
5246.221,1333.21
5043.744,1283.853
5043.744,1283.853
4701.255,1189.887
4701.765,1190.157
4504.492,1142.081
4505.359,1142.395
4504.492,1142.081
4504.351,1142.003
4504.366,1142.017
4494.268,1136.8
4494.268,1136.8
4495.017,1136.98
4494.127,1136.723
4494.127,1136.723
4494.127,1136.723
4494.127,1136.723
4493.972,1136.641
4493.972,1136.641
4493.972,1136.641
4485.443,1134.564
4485.443,1134.564
4483.341,1133.588
4483.341,1133.588
4474.629,1126.395
4103.424,1033.474
4103.424,1033.474
4103.424,1033.474
4103.424,1033.474
4103.427,1033.473
4103.424,1033.474
4103.424,1033.474
4104.177,1033.852
4103.424,1033.474
4103.17,1033.44
4103.17,1033.44
4103.17,1033.44
3861.891,970.819
3861.981,970.855
3861.857,970.804
3859.84,968.62
3859.823,968.615
3859.823,968.615
3859.823,968.615
3859.828,968.619
3859.823,968.615
3859.618,968.506
3859.618,968.506
3217.102,804.945
3015.978,756.3
3015.978,756.3
3015.798,756.231
3013.662,755.196
3013.663,755.19
3013.63,755.155
3013.63,755.155
3013.419,755.25
3013.419,755.25
3013.268,755.213
3013.268,755.213
3294.438,842.504
3013.268,755.213
3013.268,755.213
3013.268,755.213
3050.232,781.222
3014.1,755.637
3013.268,755.213
3013.247,755.209
3013.247,755.209
3013.247,755.209
3013.483,755.328
3013.247,755.209
3013.982,755.559
3013.247,755.209
3013.246,755.21
3191.534,798
3013.246,755.21
3013.246,755.21
3013.246,755.21
3013.246,755.21
3013.246,755.21
3013.246,755.21
3261.374,837.644
3013.246,755.21
3013.246,755.21
3213.084,817.958
2943.742,722.556
2943.742,722.556
2858.348,704.247
2858.348,704.247
2858.348,704.247
2858.348,704.247
2858.348,704.247
2858.348,704.247
2861.523,705.529
2858.348,704.247
2858.348,704.247
2858.03,705.382
2858.03,705.382
2858.03,705.382
2714.036,645.86
2714.222,646.118
2714.036,645.86
2714.036,645.86
2714.267,645.843
2714.224,645.821
2714.057,645.857
2714.036,645.86
2714.873,645.673
2714.036,645.86
2714.036,645.86
2695.836,631.787
2695.836,631.787
2695.949,631.831
2695.836,631.787
2695.85,631.785
2695.827,631.781
2695.752,631.765
2694.832,631.398
2694.832,631.398
2696.021,631.337
2696.068,631.558
2694.832,631.398
2695.143,631.378
2705.215,626.605
2694.481,631.407
2693.106,631.872
2693.106,631.872
2693.106,631.872
2693.106,631.872
2694.978,631.725
2693.106,631.872
2693.106,631.872
2693.106,631.872
2693.142,631.794
2693.232,631.93
2693.106,631.872
2693.091,631.867
2693.093,631.884
2693.092,631.867
2692.964,631.727
2692.964,631.727
2692.978,631.731
2692.963,631.727
2692.963,631.727
2692.963,631.727
2692.963,631.727
2692.963,631.727
2693.096,631.873
2692.963,631.727
2692.963,631.727
2692.963,631.727
2692.963,631.727
2692.972,631.724
2692.963,631.727
2692.963,631.727
2674.675,622.332
2674.587,622.381
2674.587,622.381
2674.587,622.381
2674.588,622.381
2674.587,622.381
2674.575,622.378
4572.417,1092.752
2674.575,622.378
2674.461,622.391
2674.461,622.391
2674.456,622.389
2674.005,622.197
2674.75,622.499
2674.005,622.197
2674.005,622.197
2674.005,622.197
2674.128,622.265
2674.005,622.197
2674.005,622.197
2673.998,622.193
2674.739,622.116
2673.998,622.193
2673.998,622.193
2673.998,622.193
2673.998,622.193
2675.993,622.903
2674.103,622.252
2673.998,622.193
2673.262,621.726
2673.262,621.726
2673.262,621.726
2673.262,621.726
2673.262,621.726
2673.262,621.726
2667.133,609.838
2667.133,609.838
2667.133,609.838
2667.133,609.838
2667.133,609.838
2667.133,609.838
2667.133,609.838
2667.133,609.838
2666.597,609.812
2666.597,609.812
2666.597,609.812
2678.358,610.598
2666.597,609.812
2666.597,609.812
2666.775,609.771
2666.214,609.845
2666.214,609.845
2666.325,609.852
2666.214,609.845
2666.166,609.8
2666.166,609.8
2666.166,609.8
2666.377,609.779
2664.429,609.697
2664.429,609.697
2664.383,609.704
2664.383,609.704
2698.76,614.263
2664.358,609.7
2642.052,597.911
2642.052,597.911
2642.052,597.911
2642.052,597.911
2642.107,597.907
2642.181,597.875
2643.454,604.092
2642.073,597.916
2645.507,598.157
2642.052,597.911
2642.052,597.911
2642.053,597.911
2642.052,597.911
2641.615,597.679
2641.775,597.715
2641.615,597.679
2641.615,597.679
2641.756,597.623
2641.615,597.679
2641.476,597.55
2641.234,597.702
2641.234,597.702
2641.24,597.673
2641.645,597.973
4007.057,932.39
2641.234,597.702
2641.234,597.702
2641.234,597.702
2641.234,597.702
2641.234,597.702
2641.234,597.702
2641.234,597.702
2641.234,597.702
2641.234,597.702
2649.946,597.865
2641.234,597.702
2641.233,597.71
2640.647,595.786
2640.647,595.786
2640.546,595.708
2640.546,595.708
2640.546,595.708
2640.541,595.733
4368.779,1022.449
2648.286,601.521
2640.541,595.733
2640.564,595.739
2641.212,596.232
2646.188,588.082
2640.541,595.733
2640.541,595.733
2648.093,594.62
2640.541,595.733
2640.527,595.734
2640.419,595.693
2640.42,595.692
2640.419,595.693
2710.53,613.421
2640.419,595.693
2643.034,595.431
2640.419,595.693
2640.419,595.693
2640.419,595.693
2640.401,595.694
2640.29,595.61
2640.278,595.626
2640.278,595.626
2640.278,595.626
2685.405,614.153
2679.391,609.291
2640.299,595.622
2639.742,591.119
2639.742,591.119
2639.516,591.994
2639.516,591.994
2639.516,591.994
2639.516,591.994
2639.342,591.882
2639.271,591.876
2640.699,591.069
2639.271,591.876
2639.304,591.873
2639.271,591.876
2639.271,591.876
2639.27,591.876
2639.269,591.876
2641.857,592.311
2635.879,587.831
2635.991,588.002
2635.875,587.841
2635.875,587.841
2635.875,587.841
2635.875,587.841
2635.811,587.886
2635.811,587.886
2635.811,587.886
2635.811,587.886
2635.811,587.886
2635.811,587.886
2635.842,587.942
2635.811,587.886
2635.811,587.886
2641.939,586.406
2636.208,589.05
2632.851,589.379
2632.561,589.702
2632.561,589.702
2632.543,589.702
2632.543,589.702
2632.609,589.928
2632.543,589.702
2632.543,589.702
2632.543,589.702
2632.535,589.705
2632.535,589.705
2678.445,581.553
2655.443,610.219
2632.536,589.705
2632.535,589.705
2638.656,583.936
2632.53,589.71
2632.53,589.71
2632.533,589.709
2632.53,589.71
2632.49,589.689
2632.49,589.689
2632.49,589.689
2632.49,589.689
2632.49,589.689
2662.938,582.607
2632.49,589.689
2632.49,589.689
2632.49,589.689
2632.49,589.689
2632.598,589.691
2632.49,589.689
2658.925,593.53
2632.418,589.71
2637.268,588.228
2632.418,589.71
2632.42,589.71
2632.418,589.71
2632.418,589.71
2632.418,589.71
2632.344,589.708
2632.344,589.708
2632.384,589.697
2632.344,589.708
2632.344,589.708
2632.367,589.811
2632.344,589.708
2632.314,589.697
2632.314,589.697
2632.314,589.697
2632.348,589.794
2632.329,589.695
2632.357,589.659
2632.314,589.697
2632.314,589.697
4267.942,1013.664
2632.314,589.697
2632.314,589.697
2632.314,589.697
2632.342,589.689
2632.314,589.697
2632.314,589.697
2632.314,589.697
2632.314,589.697
2632.277,589.697
2632.309,589.651
2632.277,589.697
2632.277,589.697
2632.277,589.697
2632.303,589.707
2632.277,589.697
2636.524,589.053
2632.277,589.697
2632.277,589.697
2632.277,589.697
2632.277,589.697
2632.331,589.612
2632.277,589.697
2632.247,589.598
2632.268,589.136
2632.784,589.082
2632.519,589.658
2632.247,589.598
2632.306,589.744
2632.247,589.598
2634.772,592.257
2631.775,589.942
2631.775,589.942
2631.775,589.942
2631.775,589.942
2631.775,589.942
2631.775,589.942
2631.775,589.942
2631.807,589.962
2631.775,589.942
2631.775,589.942
2631.745,589.935
2631.745,589.935
2631.745,589.935
2631.745,589.935
2631.777,590.036
2631.635,589.901
2631.635,589.901
2631.635,589.901
2631.68,589.945
2631.733,588.795
2631.643,589.902
2631.635,589.901
2631.635,589.901
2631.635,589.901
2631.94,589.413
2631.635,589.901
2631.635,589.901
2631.635,589.901
2631.605,589.941
2631.618,589.864
2631.605,589.941
2631.672,590.122
2631.605,589.941
2631.605,589.941
2631.605,589.941
2631.605,589.941
2631.578,589.877
2631.578,589.877
2631.578,589.877
2631.578,589.877
2631.578,589.877
2631.548,589.955
2631.548,590.041
2631.546,590.101
2631.546,590.101
2631.571,590.185
2631.532,590.097
2631.518,590.074
2631.518,590.074
2631.518,590.074
2631.518,590.074
2631.518,590.074
2631.518,590.074
2631.518,590.074
2631.518,590.074
2631.518,590.074
2631.518,590.074
2631.532,590.074
2631.518,590.074
2631.518,590.074
2631.518,590.074
2631.518,590.074
2631.717,590.251
2631.518,590.074
2631.518,590.074
2631.52,590.091
2631.518,590.074
2631.518,590.074
2631.494,590.043
2631.49,590.059
2631.49,590.059
2631.655,590.229
2685.929,581.873
2631.491,590.049
2631.49,590.059
2631.49,590.059
2631.49,590.059
2631.49,590.059
2631.49,590.059
2631.49,590.059
2631.49,590.059
2631.408,590.031
2631.408,590.031
2631.417,590.038
2631.408,590.03
2631.408,590.031
2631.408,590.031
2631.408,590.031
2631.408,590.031
2631.408,590.031
2626.335,592.946
2626.335,592.946
2626.335,592.946
2625.501,591.136
2625.578,591.148
2625.501,591.136
2625.501,591.136
2625.501,591.136
2625.525,591.163
2623.838,591.917
2623.838,591.917
2629.299,587.66
2623.038,591.796
2623.038,591.796
2623.038,591.796
2623.038,591.796
2623.19,591.682
2623.042,591.795
2623.019,591.789
2623.453,591.779
2623.019,591.789
2623.007,591.781
2623.114,591.787
2628.029,592.205
2623.223,591.294
2623.007,591.781
2623.047,591.895
2623.007,591.781
2624.621,592.456
2627.373,592.171
2623.007,591.781
2623.007,591.781
2623.007,591.781
2623.007,591.781
2623.007,591.781
2623.011,591.781
2623.007,591.781
2689.759,627.351
2623.007,591.781
2623,591.782
2625.929,592.055
2623,591.782
2623,591.782
2618.308,590.371
2618.308,590.371
2618.308,590.371
2618.109,590.349
2618.109,590.349
2618.063,590.329
2618.063,590.329
2618.063,590.329
2618.937,590.462
2618.063,590.329
2618.063,590.329
2617.775,590.097
2617.775,590.097
2617.775,590.097
2617.768,590.098
2618.658,589.393
2617.763,590.056
2647.572,607.215
2805.875,686.576
2617.763,590.056
2617.763,590.056
2617.763,590.056
2617.763,590.056
2617.787,590.158
2617.763,590.056
2617.763,590.056
2617.763,590.056
2617.763,590.056
2617.763,590.056
2618.112,590.417
2625.697,592.485
2617.863,590.092
2617.763,590.056
2617.792,589.639
2617.667,590.036
2617.667,590.036
2617.683,590.023
2617.667,590.036
2634.885,592.347
2617.562,590.108
2617.562,590.108
2617.581,590.112
2617.562,590.108
2618.764,592.522
2821.563,694.016
2617.537,590.068
2617.537,590.068
2617.893,590.108
2617.537,590.068
2617.537,590.068
2617.982,590.128
2617.537,590.068
2617.537,590.068
2617.537,590.068
2617.537,590.068
3525.471,782.998
2617.537,590.068
2617.537,590.068
2617.537,590.068
2617.869,590.067
2628.429,593.36
2665.885,579.536
2617.603,590.087
2617.529,590.027
2617.529,590.027
2617.529,590.027
2617.529,590.027
2617.529,590.027
2617.529,590.027
2617.776,590.015
2617.599,590.055
2617.492,590.014
2617.492,590.014
2617.492,590.014
2617.344,589.967
2617.555,589.835
2617.344,589.967
2617.344,589.967
2619.262,590.913
2617.546,589.902
2617.344,589.976
2617.344,589.976
2617.344,589.976
2617.344,589.976
2617.344,589.976
2617.352,589.926
2624.9,589.479
2617.344,589.976
2656.751,597.005
2617.344,589.976
2617.297,589.957
2617.297,589.957
2617.286,589.954
2617.286,589.954
2617.286,589.954
2617.223,589.938
2823.586,695.498
2617.281,589.95
2617.223,589.938
2617.223,589.938
2617.384,589.945
2619.425,588.649
2617.223,589.938
2617.232,589.93
2617.223,589.938
2617.223,589.938
2623.431,593.691
2617.223,589.938
2617.223,589.938
2616.411,590.821
2616.411,590.821
2616.411,590.821
2626.783,592.021
2617.86,589.256
2616.411,590.821
2616.403,590.832
2616.383,590.837
2822.533,696.234
2671.091,622.809
2616.383,590.837
2616.379,590.839
2616.379,590.839
2616.379,590.839
2616.379,590.839
2616.61,590.681
2616.393,590.844
2616.982,591.149
2616.379,590.839
2616.379,590.839
2669.334,607.041
2616.379,590.839
2616.278,590.801
2616.278,590.801
2616.278,590.801
4384.434,1047.875
2616.412,590.903
2616.278,590.801
2616.278,590.801
2616.278,590.801
2616.278,590.801
2616.181,590.772
2616.181,590.772
2616.189,590.768
2616.039,590.711
2615.954,590.692
2615.844,590.807
2615.781,590.781
2615.781,590.781
2615.841,590.768
2615.781,590.781
2617.114,593.187
2615.781,590.781
2615.801,590.792
2615.781,590.781
2615.781,590.781
2615.781,590.781
2615.781,590.781
2615.781,590.781
2615.853,590.755
2615.781,590.781
2614.666,589.916
2614.666,589.916
2614.666,589.916
2614.666,589.916
2780.203,675.235
2614.666,589.916
2614.666,589.916
2614.666,589.916
2684.136,605.73
2614.652,589.918
2614.65,589.988
2614.797,589.983
2614.65,589.988
2614.65,589.988
2614.688,590.117
2615.765,590.443
2614.596,590.168
2614.584,590.163
2614.866,590.395
2614.584,590.163
2614.584,590.163
2619.746,591.823
2614.54,590.182
2614.534,590.188
2614.534,590.188
2614.534,590.188
2614.534,590.188
2614.534,590.188
2614.491,590.16
2614.491,590.16
2614.491,590.16
2614.512,590.166
2614.491,590.16
2614.491,590.16
2614.69,590.158
2614.491,590.16
2613.903,589.801
2613.903,589.801
2614.067,589.939
2613.903,589.801
2613.903,589.801
2613.903,589.801
2613.903,589.801
2620.345,594.241
2613.867,589.827
2613.867,589.827
2613.867,589.827
2614.107,589.537
2613.867,589.827
2695.409,633.883
2614.112,590.008
2613.867,589.827
2613.867,589.827
2613.867,589.827
2613.867,589.827
2613.867,589.827
2610.272,596.694
2610.272,596.694
2610.272,596.694
2610.093,596.739
2656.955,625.592
2610.093,596.739
2611.247,597.642
2610.169,596.705
2610.203,596.495
2610.052,596.72
2610.052,596.72
4005.475,932.13
2610.027,596.78
2631.158,603.76
2610.027,596.781
2609.995,596.764
2609.995,596.764
2609.739,596.357
2892.556,684.917
2609.739,596.357
2609.739,596.357
2609.739,596.357
2609.739,596.357
2609.776,596.089
2609.739,596.357
2632.224,604.502
2609.739,596.357
2609.723,596.361
2609.723,596.361
2609.66,596.326
2609.66,596.326
2609.66,596.326
2609.562,596.46
2609.562,596.46
2610.385,596.716
2609.145,596.058
2609.145,596.058
2609.145,596.058
2609.145,596.058
2609.182,596.079
2609.336,595.641
2609.145,596.058
2607.216,597.447
2607.216,597.447
2607.291,597.471
2607.216,597.447
2607.216,597.447
2607.216,597.447
2607.307,597.613
2610.948,595.411
2607.216,597.447
2607.216,597.447
2607.246,597.485
2607.216,597.447
2607.212,597.446
2607.227,597.462
2607.212,597.446
2607.189,597.455
2607.189,597.455
2607.189,597.455
2607.189,597.455
2607.189,597.455
2607.143,597.39
2625.387,604.15
2607.143,597.39
2607.143,597.39
2607.142,597.39
2607.142,597.39
2607.142,597.39
2607.605,594.051
2619.747,581.412
2607.251,597.337
2607.042,597.48
2606.802,597.414
2606.802,597.414
2638.231,580.115
2606.887,597.374
2606.713,597.466
2606.768,597.509
2606.872,597.513
2606.713,597.466
2692.005,620.624
2606.697,597.461
2605.866,596.667
2756.338,676.243
2602.609,590.03
2602.609,590.03
2602.609,590.03
2602.609,590.03
2602.609,590.03
2602.609,590.03
2602.63,590.024
2602.618,590.007
2602.609,590.03
2602.632,589.978
2602.609,590.03
2602.609,590.03
2602.622,589.996
2602.609,590.03
2602.609,590.03
2602.475,590.074
2604.348,589.501
2602.475,590.074
2602.475,590.074
2602.475,590.074
2602.475,590.074
2602.475,590.074
2602.475,590.074
2602.475,590.074
2602.475,590.074
2602.475,590.074
2602.475,590.077
2602.475,590.074
2602.475,590.074
2602.475,590.074
2602.475,590.074
2602.475,590.074
2602.475,590.074
2602.475,590.101
2602.475,590.074
2602.475,590.074
2602.475,590.071
2602.502,590.23
2602.475,590.074
2602.475,590.074
2602.479,590.096
2638.158,601.999
2602.475,590.074
2604.824,589.322
2602.475,590.074
2602.475,590.074
2602.474,590.081
2602.474,590.081
2644,601.726
2602.474,590.081
2602.474,590.081
2602.432,590.071
2602.432,590.071
2602.432,590.071
2602.432,590.071
2602.432,590.071
2602.432,590.071
2610.229,592.753
2602.432,590.071
2602.432,590.071
2602.432,590.071
2602.432,590.071
2602.68,590.077
2602.655,590.429
2602.432,590.071
2602.5,590.287
2602.217,590.1
2604.669,593.458
2602.217,590.1
2602.217,590.1
2602.217,590.1
2602.216,590.1
2602.216,590.1
2642.063,620.46
2602.835,590.765
2602.216,590.1
2602.216,590.1
2601.949,590.087
2601.949,590.087
2601.949,590.087
2601.957,590.055
2602.495,589.999
2601.949,590.087
2605.231,589.006
2601.949,590.087
2601.947,590.082
2602.256,590.048
2601.947,590.082
2601.954,590.12
2601.944,590.093
2601.929,590.423
2601.942,590.425
2601.929,590.423
2601.929,590.423
2601.929,590.423
2601.929,590.423
2601.942,590.382
2601.929,590.423
2601.887,590.495
2601.887,590.495
2601.887,590.495
2601.887,590.495
2601.887,590.495
2607.695,585.19
2601.887,590.495
2601.892,590.465
2602.088,590.726
2601.887,590.495
2601.887,590.495
2601.925,590.552
2601.88,590.444
2601.88,590.444
2601.88,590.444
2601.812,590.425
2601.812,590.425
2601.823,590.391
2601.812,590.425
2601.812,590.425
2601.812,590.425
2601.812,590.425
2601.644,590.472
2603.381,590.326
2601.644,590.472
2601.644,590.472
2601.644,590.472
2601.644,590.472
2601.644,590.472
2601.678,590.472
2601.644,590.472
2601.602,590.509
2601.602,590.509
2601.602,590.509
2601.602,590.509
2663.278,604.662
2601.602,590.509
2601.619,590.51
2601.602,590.509
2601.602,590.509
2601.602,590.509
,
Error results for SA,
---------------------------,
3087.398,771.368
3087.398,771.368
3087.763,771.51
3087.763,771.51
3087.763,771.51
3118.521,780.728
3118.521,780.728
3118.789,780.818
3118.789,780.818
3153.443,793.058
3153.443,793.058
3153.443,793.058
3153.443,793.058
3153.443,793.058
3153.443,793.058
3153.443,793.058
3153.443,793.058
3153.443,793.058
3155.583,793.977
3156.423,794.24
3156.415,794.234
3156.415,794.234
3156.44,794.239
3156.44,794.239
3156.44,794.239
3156.44,794.239
3156.44,794.239
3156.44,794.239
3156.44,794.239
3156.44,794.239
3156.44,794.239
3156.44,794.239
3156.549,794.276
3157.309,794.508
3156.895,794.314
3156.895,794.314
3156.895,794.314
3254.708,812.393
3106.095,767.195
3106.095,767.195
3047.025,760.424
3047.025,760.424
3047.025,760.424
3047.025,760.424
3045.86,759.792
3045.86,759.792
3045.487,759.633
3306.257,836.209
3306.257,836.209
3320.575,840.496
3323.455,841.153
3323.455,841.153
3323.177,841.054
3324.621,841.53
3324.621,841.53
3324.621,841.53
3324.621,841.531
3275.537,821.647
3275.537,821.647
3302.057,819.789
3312.284,822.001
3311.649,821.814
3311.649,821.814
3311.649,821.814
3311.649,821.814
3311.649,821.814
3317.704,823.714
3315.505,822.907
3315.505,822.907
3316.324,821.29
3320.434,822.825
3320.434,822.825
3320.504,822.852
3320.504,822.852
3319.779,822.63
3319.497,822.496
3319.497,822.496
3319.497,822.496
3319.497,822.496
3319.497,822.496
3319.497,822.496
3319.067,822.356
3319.067,822.356
3428.557,846.415
3428.659,846.456
3429.702,846.949
3429.702,846.949
3429.702,846.949
3429.705,846.96
3429.705,846.96
3429.705,846.96
3429.705,846.96
3430.202,847.108
3430.202,847.108
3430.202,847.108
3430.202,847.108
3431.251,847.49
2949.684,722.632
2949.684,722.632
2951.71,723.47
2951.71,723.47
2951.041,723.234
2951.041,723.234
2951.667,723.455
3038.806,741.307
3060.549,749.379
3060.549,749.379
3012.015,731.737
3012.022,731.751
3012.022,731.751
3012.015,731.747
3012.015,731.747
3012.005,731.745
3010.482,731.307
3010.475,731.312
3008.732,730.27
3008.627,730.228
3008.627,730.228
3008.615,730.229
3008.615,730.229
3008.615,730.229
2999.796,723.518
2999.796,723.518
2999.796,723.518
2999.214,723.35
2999.214,723.35
2999.214,723.35
2999.214,723.35
2997.192,722.845
2997.192,722.845
3156.453,771.57
3156.453,771.57
3199.035,798.95
3199.035,798.95
3199.035,798.95
3199.035,798.95
3363.117,820.386
3363.075,820.37
3363.075,820.37
3364.07,820.664
3364.07,820.664
3365.482,821.44
3365.482,821.44
3366.442,822.64
3366.442,822.64
3366.442,822.64
3366.526,822.673
3366.526,822.673
3366.526,822.673
3367.057,822.837
3367.057,822.837
3420.71,843.234
3420.71,843.234
3420.832,843.189
3420.832,843.189
3420.895,843.197
3420.895,843.197
3420.895,843.197
3420.895,843.197
3423.4,843.636
3423.4,843.636
3423.4,843.636
3147.798,779.119
3147.798,779.119
3147.798,779.119
3147.798,779.119
3147.767,779.112
3148.919,779.614
3148.919,779.614
3148.919,779.614
3148.919,779.614
3777.521,949.394
3777.521,949.394
3777.521,949.394
3777.521,949.394
3777.521,949.394
3777.521,949.394
3777.521,949.394
3777.521,949.394
3777.505,949.399
3777.505,949.399
3777.505,949.399
3759.229,942.889
3476.275,885.714
3476.275,885.714
3476.275,885.714
4410.303,1125.613
4410.303,1125.613
5437.85,1406.16
5172.237,1318.499
5172.238,1318.499
5172.238,1318.499
5172.238,1318.499
5172.238,1318.499
5172.238,1318.499
5172.238,1318.499
5172.238,1318.499
5172.238,1318.499
5172.238,1318.499
5172.238,1318.499
5172.452,1318.609
5172.846,1318.765
5181.377,1322.917
5181.377,1322.917
5179.46,1322.026
5179.46,1322.026
5179.426,1322.007
5179.426,1322.007
5179.426,1322.007
5179.426,1322.007
5179.403,1322.007
5179.456,1322.039
5179.456,1322.039
5179.484,1322.04
5179.484,1322.04
5180.544,1322.424
5180.544,1322.424
5180.544,1322.424
4608.755,1194.643
4608.755,1194.643
4608.745,1194.643
4608.745,1194.643
3593.217,882.846
3593.222,882.848
3591.427,882.158
3591.427,882.158
3591.428,882.159
3591.428,882.159
3591.421,882.152
3591.421,882.152
3591.421,882.152
3592.522,882.63
3537.452,912.882
3537.452,912.882
3537.452,912.882
3537.452,912.882
3537.128,912.713
3537.128,912.713
3537.128,912.713
3535.264,911.702
3535.487,911.835
3535.487,911.835
3535.486,911.834
3535.486,911.834
3534.109,911.301
3480.686,899.154
3480.686,899.154
3480.598,899.108
3480.598,899.108
3480.598,899.108
3480.598,899.108
3520.347,905.288
3520.347,905.288
3520.57,905.378
3520.57,905.378
3520.57,905.378
3521.263,905.728
3521.218,905.703
3521.194,905.693
3517.844,903.973
3517.844,903.973
3517.739,903.935
3517.739,903.935
3518.087,904.129
3518.087,904.129
3518.087,904.129
3518.087,904.129
3518.087,904.129
3609.203,930.667
3608.927,930.544
3608.927,930.544
3608.734,930.467
3608.734,930.467
3608.734,930.467
3710.389,965.229
3710.389,965.229
3710.389,965.229
3710.389,965.229
3710.389,965.229
3710.391,965.229
3710.346,965.207
4136.857,1059.62
4136.857,1059.62
4136.857,1059.62
4136.857,1059.62
4129.059,1057.61
4127.443,1057.044
4129.437,1057.864
4129.437,1057.864
4129.437,1057.864
4132.867,1059.072
4132.131,1058.716
4125.454,1056.1
4133.12,1059.147
4133.12,1059.147
4133.12,1059.147
4133.12,1059.147
4133.794,1059.379
4133.794,1059.379
4133.794,1059.379
4133.794,1059.379
4133.794,1059.379
4133.794,1059.379
4133.794,1059.379
4136.612,1060.219
4134.426,1059.469
4134.619,1059.543
4134.619,1059.543
4128.227,1057.805
4306.765,1086.94
4306.765,1086.94
4307.2,1087.1
4306.993,1087.013
4306.993,1087.013
4306.993,1087.013
4306.993,1087.013
4307.103,1087.024
4307.103,1087.024
4307.103,1087.024
4307.564,1087.269
4307.579,1087.269
4096.96,1035.644
4096.96,1035.644
4096.96,1035.644
4096.96,1035.644
4098.346,1036.054
4098.346,1036.054
4269.039,1067.765
4269.039,1067.765
4263.152,1065.759
4263.152,1065.759
4263.749,1065.91
4314.672,1073.971
4314.672,1073.971
4314.672,1073.971
3851.563,975.136
3851.563,975.136
3839.336,971.242
3839.336,971.242
3839.336,971.242
3839.336,971.242
3839.336,971.242
3839.336,971.242
3268.058,808.138
3268.058,808.138
3268.058,808.138
3269.248,808.41
3269.248,808.41
3269.248,808.41
3269.248,808.41
3269.248,808.41
3269.248,808.41
3269.028,808.316
3269.028,808.316
3269.041,808.327
3269.041,808.327
3269.041,808.327
3269.041,808.327
3268.09,808.048
3268.09,808.048
3268.088,808.049
3270.837,809.043
3270.837,809.043
3270.837,809.043
3269.77,808.775
3269.77,808.775
3269.77,808.775
3269.713,808.757
3269.713,808.757
3269.713,808.757
3352.118,834.377
3352.118,834.377
3352.118,834.377
3352.118,834.377
3322.691,825.312
3322.691,825.312
3322.691,825.312
3320.415,824.114
3317.127,830.595
3276.337,824.446
3276.337,824.446
3310.621,829.38
3315.115,830.772
3315.115,830.772
3315.116,830.772
3315.116,830.772
3315.116,830.772
3296.872,827.567
3335.079,841.44
3335.132,841.456
3335.113,841.451
3335.113,841.451
3361.82,851.564
3361.82,851.564
3361.841,851.573
3361.841,851.573
3361.863,851.582
3361.863,851.582
3361.863,851.582
3361.873,851.586
3361.873,851.586
3361.907,851.588
3361.478,851.476
3361.478,851.476
3361.478,851.476
3361.478,851.476
3361.646,851.45
3361.646,851.45
3361.646,851.45
3400.589,864.352
3400.394,864.278
7155.015,1805.978
7154.013,1805.656
7152.648,1805.351
7111.405,1791.392
7150.616,1795.461
7150.637,1795.47
7150.637,1795.47
7150.081,1795.213
7151.362,1795.843
7151.319,1795.824
7151.319,1795.824
7151.319,1795.824
7150.866,1795.648
7148.746,1794.44
7148.746,1794.44
7034.483,1720.874
7034.483,1720.874
7034.483,1720.874
6991.226,1684.04
6991.226,1684.04
6991.226,1684.04
6991.226,1684.04
6991.226,1684.04
6991.29,1684.039
6991.29,1684.039
6991.29,1684.039
6991.29,1684.039
6991.29,1684.039
6991.29,1684.039
6991.29,1684.039
6992.057,1684.398
6992.052,1684.397
6991.35,1683.94
6987.813,1682.619
6987.813,1682.619
6987.619,1682.495
5914.297,1414.784
5914.42,1414.784
5914.42,1414.784
5766.533,1475.442
5766.533,1475.442
5766.533,1475.442
5756.848,1473.176
6668.173,1692.864
6668.173,1692.864
6669.692,1693.634
6669.692,1693.634
6669.692,1693.634
6669.692,1693.634
6669.637,1693.634
6669.637,1693.634
6668.506,1693.104
6668.506,1693.104
6691.142,1703.385
6813.908,1760.202
6813.02,1759.912
6811.772,1759.587
6811.255,1759.3
6810.755,1759.008
6810.755,1759.008
8289.053,2153.812
8289.053,2153.812
8289.11,2153.826
8289.303,2153.901
8289.303,2153.901
8289.303,2153.901
7684.695,2026.527
8168.323,2127.62
8168.323,2127.62
8380.898,2179.526
8380.886,2179.526
8380.859,2179.515
8718.838,2257.046
8718.838,2257.046
8718.838,2257.046
8718.838,2257.046
8718.838,2257.046
8718.838,2257.046
8718.542,2256.899
8797.967,2281.1
8798.243,2281.231
8980.839,2316.399
8980.839,2316.399
8980.839,2316.399
8980.839,2316.399
8979.793,2316.182
8979.793,2316.182
8979.793,2316.182
8979.793,2316.182
8979.185,2315.972
8979.066,2315.893
8979.066,2315.893
8979.08,2315.902
8979.426,2316.071
8476.474,2211.236
8476.228,2211.104
8476.228,2211.104
8476.228,2211.104
8476.228,2211.104
8399.205,2187.39
8399.205,2187.39
8401.572,2188.389
8408.178,2190.675
8408.178,2190.675
8408.66,2190.865
8408.674,2190.866
8422.323,2195.048
8426.39,2195.607
8426.69,2195.764
8426.69,2195.764
8426.506,2195.667
8427.652,2195.738
8427.652,2195.738
8427.652,2195.738
8427.099,2195.495
8427.099,2195.495
8419.163,2193.371
8419.163,2193.371
8418.934,2193.264
8837.274,2302.357
8837.281,2302.356
8836.451,2301.999
8818.78,2294.477
8818.78,2294.477
8822.491,2295.662
8822.491,2295.662
8822.247,2295.473
8822.247,2295.473
8822.247,2295.473
8822.247,2295.473
8822.247,2295.473
8822.247,2295.473
8822.247,2295.473
8822.247,2295.473
8823.048,2295.816
8823.048,2295.816
8823.048,2295.816
8823.048,2295.816
8823.048,2295.816
8817.748,2295.198
8817.401,2295.017
8817.558,2295.043
8817.558,2295.043
8817.558,2295.043
8848.951,2308.429
8848.951,2308.429
8848.951,2308.429
8848.951,2308.429
8853.901,2310.372
8861.643,2312.721
8862.542,2313.001
8862.542,2313.001
8862.542,2313.001
8863.016,2313.16
8863.15,2313.204
8863.148,2313.203
8863.148,2313.203
8863.061,2313.158
8863.061,2313.158
8863.061,2313.158
8863.898,2313.286
9302.485,2410.745
9302.485,2410.745
9302.485,2410.745
9302.485,2410.745
9302.485,2410.745
9302.485,2410.745
9302.485,2410.745
9302.485,2410.745
9302.485,2410.745
9302.485,2410.745
9303.975,2411.257
9303.989,2411.277
9303.989,2411.277
10124.761,2626.912
10121.626,2626.013
10121.626,2626.013
10121.626,2626.013
10121.626,2626.013
10121.626,2626.013
10208.666,2652.472
10202.728,2650.661
10987.874,2834.105
10985.246,2833.369
10985.488,2833.406
10976.509,2830.099
10966.048,2827.851
10964.008,2826.985
10964.008,2826.985
10964.008,2826.985
10964.008,2826.985
10964.008,2826.985
10860.874,2722.891
10860.874,2722.891
10860.874,2722.891
10846.071,2715.558
10846.071,2715.558
10846.071,2715.558
10846.071,2715.558
10846.071,2715.558
10846.077,2715.56
10875.853,2735.216
10875.853,2735.216
10879.388,2736.159
10879.388,2736.159
10890.546,2738.64
9680.876,2445.016
9682.974,2445.7
9682.974,2445.7
9682.974,2445.7
9677.295,2443.375
9677.295,2443.375
9677.295,2443.375
9683.516,2444.998
9683.682,2445.029
9683.682,2445.029
9684.454,2445.607
9684.454,2445.607
9684.454,2445.607
9684.454,2445.607
9684.454,2445.607
9685.814,2446.193
9685.814,2446.193
9685.814,2446.193
9685.814,2446.193
10067.094,2544.136
10067.094,2544.136
9974.414,2516.148
9974.419,2516.147
9974.419,2516.147
9977.448,2517.032
9977.448,2517.032
9977.448,2517.032
9977.448,2517.032
8916.022,2253.647
8915.967,2253.615
8915.967,2253.615
8915.967,2253.615
8915.967,2253.615
8915.905,2253.579
8915.905,2253.579
8921.306,2255.884
8921.306,2255.884
8923.871,2256.979
8923.869,2256.977
8923.869,2256.977
9929.818,2510.276
9929.818,2510.276
9929.802,2510.283
9929.802,2510.283
9929.802,2510.283
9936.681,2512.284
9936.681,2512.284
9936.681,2512.284
9936.681,2512.284
9936.681,2512.284
9936.681,2512.284
9936.681,2512.284
9936.681,2512.284
9936.681,2512.284
9936.604,2512.258
9906.742,2501.395
9906.742,2501.395
9905.423,2500.992
9899.873,2498.933
9899.873,2498.933
9899.873,2498.933
9899.873,2498.933
9904.79,2499.451
9904.79,2499.451
9904.79,2499.451
9904.79,2499.451
9903.8,2498.7
9899.614,2497.277
9900.235,2497.358
9900.235,2497.358
9900.235,2497.358
9900.235,2497.358
9900.235,2497.358
9900.235,2497.358
9898.292,2497.113
9898.292,2497.113
10497.536,2642.51
10544.717,2665.066
10544.717,2665.066
10544.717,2665.066
10544.733,2665.067
10645.65,2692.853
10647.001,2693.347
10647.001,2693.347
10647.001,2693.347
10647.001,2693.347
10647.001,2693.347
10647.001,2693.347
10647.072,2693.34
10647.072,2693.34
10647.072,2693.34
10647.072,2693.34
10647.072,2693.34
10647.072,2693.34
10647.072,2693.34
10647.072,2693.34
10647.072,2693.34
10647.222,2693.411
10701.218,2719.105
10700.418,2718.711
10700.418,2718.711
11539.117,2919.102
11539.117,2919.102
11539.117,2919.102
11537.561,2918.314
11537.561,2918.314
11537.561,2918.314
11537.561,2918.314
11537.561,2918.314
11537.561,2918.314
11537.548,2918.292
11542.207,2918.822
11542.51,2918.959
11542.51,2918.959
11542.529,2918.972
11541.519,2918.54
11541.519,2918.54
11541.519,2918.54
11541.519,2918.54
11541.55,2918.553
11541.551,2918.559
11541.551,2918.559
11541.551,2918.559
11540.93,2918.412
11540.93,2918.412
11525.195,2916.577
11525.195,2916.577
11525.195,2916.577
11560.999,2922.838
10723.831,2712.764
10724.706,2713.37
10027.239,2532.958
10024.572,2532.517
10024.572,2532.517
10024.982,2532.759
10024.982,2532.759
10848.176,2729.04
10024.982,2532.759
10024.998,2532.757
5696.602,1543.371
5139.531,1412.428
5139.531,1412.428
5139.196,1412.266
5139.196,1412.266
4932.634,1345.554
5352.957,1459.303
4932.634,1345.554
4919.98,1342.666
4919.98,1342.666
4919.98,1342.666
4919.98,1342.666
4282.827,1159.986
4282.827,1159.986
4282.827,1159.986
4279.28,1159.108
4279.28,1159.108
4279.006,1158.966
4279.051,1158.999
4279.051,1158.999
4278.733,1158.808
4278.733,1158.808
4278.636,1158.792
4278.626,1158.792
4278.626,1158.792
4278.626,1158.792
4278.626,1158.792
4278.626,1158.792
4278.626,1158.792
4276.331,1157.969
4230.311,1141.43
4237.608,1143.182
4230.565,1141.583
4230.372,1141.468
4242.1,1145.566
4230.028,1141.39
4230.028,1141.39
4230.566,1141.59
4230.566,1141.59
3635,995.294
3635.664,995.556
3635.664,995.556
3635.664,995.556
3635.664,995.556
3635.664,995.556
4096.655,1109.19
3515.064,954.742
3515.06,954.742
3513.697,954.081
3421.296,917.462
3188.984,847.353
3189.248,847.321
3189.248,847.321
3190.003,847.664
3189.248,847.321
3192.016,847.762
3152.736,841.93
3152.736,841.93
3152.736,841.93
3152.736,841.93
3153.049,841.943
3381.688,925.053
3152.736,841.93
3152.736,841.93
3152.465,841.808
3152.465,841.808
3152.465,841.808
3152.465,841.808
3152.465,841.808
3152.465,841.808
3152.465,841.808
3182.728,856.31
3124.584,836.327
3124.584,836.327
3128.053,836.896
3180.189,854.006
3124.584,836.327
3124.584,836.327
3097.334,826.593
3097.528,826.5
3096.902,826.573
3131.516,841.802
3097.339,826.86
3096.902,826.573
3096.902,826.573
3096.902,826.573
3096.902,826.573
3096.902,826.573
3096.902,826.573
3097.027,826.636
3096.902,826.573
3096.902,826.573
3096.902,826.573
3096.902,826.573
3097.657,826.84
3096.676,826.405
3096.674,826.404
3095.838,826.42
3095.838,826.42
3095.792,826.387
3101.048,827.943
3100.213,827.706
3098.822,827.723
2968.483,767.947
2968.483,767.947
2968.452,767.924
2924.742,747.355
2924.742,747.355
2943.228,748.353
2924.742,747.355
2924.742,747.355
2924.742,747.355
2925.189,747.416
2924.742,747.355
2924.742,747.355
2924.742,747.355
2924.742,747.355
2924.742,747.355
2924.868,747.37
2924.742,747.355
2924.742,747.355
2924.757,747.362
2924.757,747.362
2924.757,747.362
2924.757,747.362
2924.757,747.362
2931.701,749.56
2924.757,747.362
2861.721,713.414
2861.675,713.412
2861.675,713.412
2861.675,713.412
2861.672,713.412
2861.672,713.412
2861.672,713.412
2905.812,735.143
2861.898,713.452
2901.2,731.828
2861.672,713.412
2861.672,713.412
2861.672,713.412
2847.764,711.208
2848.092,711.538
2847.764,711.208
2847.764,711.208
2847.48,711.072
2847.48,711.072
2847.48,711.072
2847.459,711.058
2847.459,711.058
2919.977,735.701
2847.459,711.058
2847.459,711.058
2847.459,711.058
2916.445,730.927
2844.109,709.147
2841.868,708.118
2841.868,708.118
2847.509,710.025
2843.655,708.971
2841.868,708.118
2841.868,708.118
2841.868,708.118
2876.082,728.916
2841.868,708.118
2841.894,708.112
2841.868,708.118
2841.868,708.118
2841.868,708.118
2841.868,708.118
2841.868,708.118
2841.868,708.118
2841.868,708.118
2841.868,708.118
2843.374,709.109
2841.878,708.123
2841.868,708.118
2842.169,708.311
2841.868,708.118
2841.868,708.118
2841.868,708.118
2841.868,708.118
2841.863,708.114
2841.863,708.114
2841.959,708.146
2841.863,708.114
2841.863,708.114
2841.863,708.114
2841.863,708.114
2841.863,708.114
2841.863,708.114
2841.199,707.86
2841.301,707.92
2833.518,704.875
2833.518,704.875
2833.737,704.918
2833.518,704.875
2833.518,704.875
2833.518,704.875
2833.516,704.875
2833.516,704.875
2833.516,704.875
2829.731,703.307
2829.731,703.307
2829.731,703.307
2829.731,703.307
2828.573,702.628
2828.573,702.628
2828.573,702.628
2828.889,702.682
2828.573,702.628
2829.063,702.703
2828.573,702.628
2828.573,702.628
2828.899,702.807
2828.573,702.628
2828.573,702.628
2828.815,702.74
2828.573,702.628
2828.573,702.628
2828.573,702.628
2828.573,702.628
2828.573,702.628
2825.749,701.611
2825.749,701.611
2825.749,701.611
2825.749,701.611
2825.749,701.611
2825.726,701.618
2825.726,701.618
2825.726,701.618
2826.532,701.686
2824.754,700.967
2822.96,700.72
2822.838,700.715
2822.838,700.715
2822.838,700.715
2824.051,700.691
2886.539,708.733
2822.831,700.714
2822.831,700.714
2822.831,700.714
2822.87,700.702
2887.033,708.791
,
Error results for GA,
---------------------------,
4343.414,1054.364
6341.534,1542.338
3300.892,826.563
3581.161,924.617
4724.179,1167.083
2961.951,749.516
3363.702,835.228
3065.476,757.244
3324.09,800.357
3409.142,838.72
7325.939,1819.794
4675.437,1186.852
3626.994,905.175
5448.013,1319.159
5541.873,1363.62
4979.987,1245.86
3528.272,912.402
2930.514,702.441
2961.768,714.784
2763.928,675.585
2774.354,654.109
3091.049,758.822
3459.226,849.124
2788.275,686.6
2618.669,595.067
3137.464,761.837
2896.652,704.774
3170.054,758.095
3221.416,775.582
3236.986,773.597
3426.595,827.159
2756.435,674.324
2867.2,728.332
2716.584,646.484
2768.394,680.13
2799.636,691.223
2781.97,670.034
2849.579,706.849
2767.871,682.744
2701.049,642.805
2751.171,668.726
2738.642,666.155
2842.089,695.462
2715.498,650.956
2760.654,657.068
2811.468,691.082
2767.429,683.246
2910.938,716.484
2692.838,641.73
2850.357,706.369
2715.971,650.534
3031.934,748.327
3027.277,743.102
2799.981,690.57
2771.479,675.375
2778.788,674.277
2729.628,666.977
2910.986,709.398
2701.454,650.056
2996.913,737.194
2808.128,702.755
2803.283,689.488
2817.638,705.356
2817.038,705.048
3075.947,760.633
2671.725,630.214
2745.221,663.747
3227.618,781.074
2686.345,636.518
2757.792,668.948
2897.521,734.564
2762.878,675.649
2873.329,722.66
2669.534,623.972
2784.865,681.106
2793.854,678.943
2751.761,663.182
2833.827,706.928
2749.677,673.492
2742.731,636.265
2723.235,660.408
2782.669,680.137
2721.721,660.707
2854.535,709.132
2747.727,661.278
2839.646,700.354
2751.609,662.614
2736.473,663.665
2733.214,664.571
2706.414,648.945
2851.079,709.725
2738.752,665.201
2781.165,690.772
2791.663,680.83
2909.056,721.147
2752.959,675.556
2738.873,661.151
2766.912,662.551
2782.2,679.173
2768.762,674.31
2753.597,672.836
2745.006,661.917
2760.801,672.701
2765.426,668.04
2718.23,648.134
2806.154,677.214
2698.075,640.658
2664.879,623.104
2775.713,683.375
2896.668,725.376
2757.024,671.697
2683.03,634.856
2720.75,659.117
3239.17,798.223
2690.911,640.551
2720.733,648.712
2697.008,642.167
2756.591,672.258
2696.515,638.864
2767.534,678.425
2738.22,661.728
2757.128,677.494
2771.056,679.529
2793.672,689.501
2692.082,645.411
2855.725,719.424
2824.313,696.958
2783.644,690.91
2891.046,701.518
2818.202,694.525
2823.579,696.158
2780.195,678.38
2830.222,700.825
2800.501,685.029
2755.527,675.73
2751.618,666.946
2818.902,695.855
2778.79,691.353
2753.653,671.616
2917.742,702.18
2744.062,671.276
2753.941,676.233
2821.724,692.178
2831.516,683.541
2723.665,650.201
2866.528,730.337
2997.506,769.352
2792.868,685.659
2752.997,671.755
2885.106,698.85
2780.316,687.999
2745.594,674.265
2835.334,707.114
2753.074,674.824
2768.782,676.939
2737.824,665.422
2820.019,685.524
2753.773,672.408
2732.021,663.536
2748.723,670.842
2794.092,690.716
2725.158,659.883
2832.274,716.182
2720.188,651.317
2796.109,691.844
2777.346,686.683
2761.582,670.221
2782.872,665.256
2782.881,692.175
2753.641,676.248
2794.855,694.763
2760.87,675.987
2816.675,703.299
2776.249,684.118
2747.94,657.592
2882.705,708.623
2829.859,709.647
2734.484,660.551
2802.337,689.258
2732.022,663.325
2785.609,675.397
2766.195,676.526
2773.098,683.627
2764.997,683.634
2732.849,657.513
2740.523,666.397
2731.117,661.338
2757.643,671.704
2741.749,662.852
2743.758,668.19
2841.115,708.506
2813.022,699.543
2787.61,691.401
2824.888,703.486
2732.225,660.729
2779.118,682.614
2745.609,672.339
2740.661,667.345
2733.43,643.594
2747.178,668.977
2745.222,650.214
2722.193,655.918
2749.169,659.491
2760.856,672.628
2767.001,678.171
2640.824,605.303
2790.385,688.784
2818.546,698.216
2736.785,655.714
2766.671,677.94
2656.098,619.387
2915.527,733.674
2726.817,657.575
2741.822,648.235
3003.011,757.519
2758.817,679.595
2757.812,678.715
2763.008,682.954
2740.739,671.817
2644.573,608.831
2735.574,665.518
2845.499,716.347
2713.812,638.023
2672.259,631.258
2804.22,699.784
2778.684,687.951
2729.833,648.626
2751.827,678.075
2768.447,681.986
2712.565,635.274
2778.531,688.332
2678.78,607.529
2752.727,658.344
2664.724,625.188
2638.877,609.096
2666.249,624.324
2714.329,645.298
2702.195,641.986
2679.255,634.204
2672.466,629.956
2662.472,624.427
2665.147,622.771
2658.965,625.703
2785.649,688.954
2759.239,679.863
2663.533,623.386
2671.335,632.445
2745.625,664.666
2752.124,677.831
2659.135,620.873
2667.069,627.153
2664.986,620.998
2664.99,620.995
2668.326,618.279
2730.495,664.54
2796.375,696.416
2764.67,676.953
2739.736,649.015
2752.416,678.005
2748.969,670.646
2743.963,649.973
2675.43,627.935
2737.644,666.793
2663.49,619.82
2608.404,595.627
2671.963,619.046
2671.125,620.914
2675.147,629.368
2659.29,620.861
2674.409,626.523
2750.596,655.345
2669.062,626.353
2678.417,631.329
2678.075,631.89
2750.549,675.19
2667.96,626.35
2742.987,649.174
2747.327,669.567
2673.658,626.545
2672.359,627.357
2669.377,631.677
2659.745,622.875
2671.675,623.298
2672.355,627.405
2667.968,623.201
2665.797,617.897
2667.838,626.365
2665.918,621.436
2668.864,628.102
2665.732,626.395
2677.62,628.5
2675.121,626.038
2747.708,653.043
2666.457,626.248
2750.99,675.244
2680.055,632.237
2738.187,644.735
2666.457,626.248
2657.672,628.964
2730.848,663.051
2750.9,655.185
2667.388,624.669
2666.232,621.63
2657.662,624.322
2677.522,631.061
2666.321,624.63
2674.361,626.434
2723.155,650.771
2659.781,622.628
2672.256,626.161
2665.63,622.613
2667.895,622.564
2659.753,624.048
2659.319,625.861
2677.039,630.283
2743.27,649.092
2726,641.081
2647.362,616.348
2662.099,625.389
2662.775,622.204
2665.934,623.92
2739.432,647.817
2673.402,625.883
2742.08,654.798
2665.306,623.917
2666.152,624.052
2660.057,621.565
2665.765,620.167
2665.195,621.5
2663.173,622.463
2664.064,622.049
2673.185,625.681
2670.403,630.109
2674.889,630.45
2659.13,621.004
2673.17,625.709
2658.166,620.912
2662.739,620.289
2663.65,623.84
2755.973,657.808
2666.282,624.098
2675.595,629.927
2745.602,649.11
2690.071,631.773
2651.351,615.145
2666.161,624.061
2667.155,622.172
2666.255,624.7
2669.851,624.978
2678.905,628.01
2658.856,625.173
2668.244,626.519
2791.281,672.849
2664.67,620.717
2659.283,619.385
2666.351,624.2
2679.261,630.179
2729.524,649.715
2667.458,625.827
2660.537,621.786
2665.906,621.494
2659.899,622.852
2663.859,620.109
2675.562,627.232
2667.323,626.651
2668.318,626.586
2665.133,620.929
2673.411,625.86
2673.417,625.834
2673.887,626.318
2676.04,627.217
2663.95,627.91
2670.893,625.593
2665.309,621.007
2674.77,627.83
2670.284,629.179
2665.257,626.277
2667.149,625.654
2675.026,629.879
2671.436,625.832
2666.053,628.676
2660.011,622.989
2664.257,626.403
2676.165,628.755
2660.014,622.914
2668.063,626.637
2666.904,628.426
2651.852,620.909
2658.495,623.699
2672.3,626.187
2668.318,626.586
2674.346,626.565
2666.777,628.384
2665.057,627.116
2666.309,621.737
2667.028,629.371
2645.274,617.899
2700.588,649.136
2666.561,626.209
2668.073,626.685
2646.131,622.098
2668.076,626.521
2666.432,626.241
2657.776,624.024
2665.881,626.816
2668.54,632.781
2666.887,630.122
2665.723,626.651
2659.673,619.415
2669.288,629.445
2666.149,625.971
2748.19,659.494
2672.028,626.701
2664.274,626.355
2659.076,623.138
2660.005,624.188
2748.19,659.494
2659.061,621.041
2642.474,615.611
2669.479,629.35
2667.486,629.906
2647.068,619.891
2665.701,625.913
2647.24,617.875
2664.177,621.902
2658.641,621.121
2657.883,621.097
2665.611,621.056
2633.766,604.065
2737.893,650.613
2669.634,625.715
2659.487,621.792
2658.003,621.018
2660.997,620.813
2724.985,649.053
2656.111,623.915
2665.076,627.75
2675.228,629.823
2665.06,626.732
2675.22,629.034
2647.164,619.979
2664.176,621.904
2669.855,629.351
2664.929,620.678
2667.37,623.619
2646.291,618.621
2665.66,622.096
2748.993,654.271
2665.913,623.81
2667.725,626.839
2643.005,616.029
2665.305,623.079
2662.22,620.981
2677.101,629.954
2714.646,644.505
2659.652,622.087
2643.673,616.451
2766.076,664.784
2722.799,648.513
2663.216,620.519
2645.766,619.844
2665.688,625.204
2661.542,620.278
2657.407,622.355
2717.458,644.235
2642.939,620.323
2663.224,622.815
2641.558,620.424
2643.453,616.344
2668.758,628.846
2673.079,627.374
2667.613,627.837
2656.902,620.319
2643.95,618.693
2722.294,647.474
2640.033,617.296
2663.037,620.876
2654.9,620.716
2663.037,620.876
2644.025,618.233
2664.814,622.06
2659.859,624.702
2657.075,624.076
2665.324,627.119
2639.952,618.288
2664.579,624.681
2639.795,618.327
2671.615,627.564
2643.082,616.295
2644.084,618.174
2639.518,617.03
2665.764,623.478
2663.723,624.287
2644.417,616.153
2643.371,622.275
2661.038,623.693
2646.616,620.758
2656.485,622.245
2646.623,620.331
2643.053,615.943
2644.264,623.707
2662.693,620.6
2659.835,621.51
2643.897,616.244
2640.344,616.815
2640.344,616.815
2669.609,606.365
2685.853,630.474
2639.608,618.141
2642.88,619.417
2642.88,619.417
2641.494,617.618
2670.917,625.018
2657.199,620.837
2646.111,618.456
2659.322,624.812
2658.586,622.756
2662.042,624.335
2665.181,621.866
2664.994,622.513
2661.651,624.661
2643.069,619.362
2667.65,624.613
2640.429,616.99
2666.064,623.08
2682.332,619.077
2640.209,617.04
2642.518,616.304
2644.274,616.836
2637.324,614.281
2639.424,617.875
2705.137,629.474
2642.451,618.609
2643.831,616.834
2634.743,613.567
2670.244,622.158
2667.811,623.723
2641.343,620.51
2663.758,621.606
2658.07,621.907
2643.427,616.182
2640.008,588.625
2657.838,621.525
2646.561,618.188
2645.012,617.192
2663.197,624.136
2640.647,617.968
2643.538,616.57
2648.135,614.393
2665.925,621.581
2639.616,618.125
2643.297,616.354
2662.26,623.409
2660.74,624.424
2643.456,617.152
2643.423,616.267
2661.775,620.462
2667.492,624.08
2746.58,670.767
2644.856,618.67
2639.601,618.227
2667.41,624.12
2642.046,615.577
2667.507,624.053
2667.903,623.713
2665.384,620.852
2645.798,617.113
2663.998,621.799
2605.136,577.778
2666.163,622.333
2648.591,621.854
2637.053,614.887
2664.31,621.135
2644.098,616.893
2639.94,616.411
2599.399,583.558
2641.039,617.983
2658.721,627.548
2645.764,617.393
2659.422,620.894
2626.203,600.95
2664.45,621.226
2666.4,624.107
2641.681,618.085
2643.32,616.157
2666.206,622.386
2645.74,617.406
2643.308,616.193
2647.159,617.728
2643.167,615.818
2641.71,618.383
2644.89,616.856
2645.278,616.725
2647.039,619.866
2645.922,619.262
2637.392,615.48
2603.227,581.653
2644.43,616.263
2654.065,609.519
2641.872,616.109
2645.024,618.306
2644.783,617.122
2663.473,623.782
2644.998,617.266
2641.165,614.251
2670.608,627.521
2646.768,619.71
2645.018,616.927
2667.201,618.114
2644.146,616.965
2644.239,617.313
2642.72,616.646
2644.264,617.64
2642.084,618.061
2644.953,616.971
2645.304,617.142
2648.838,620.788
2673.612,635.91
2642.557,615.15
2640.967,619.104
2638.366,588.263
2642.058,615.968
2643.067,617.605
2644.576,618.315
2642.501,617.122
2664.105,620.986
2642.179,616.934
2637.189,609.803
2648.709,621.237
2643.544,616.593
2799.454,639.052
2644.626,617.285
2643.172,617.149
2641.853,616.076
2645.113,619.951
2642.808,616.447
2645.153,620.072
2645.065,618.263
2645.413,620.041
2603.629,577.716
2643,607.123
2667.602,625.996
2641.338,619.359
2643.194,616.973
2648.177,621.533
2647.735,621.297
2644.276,617.783
2643.731,617.32
2647.432,620.268
2647.7,620.713
2647.683,620.693
2644.117,617.554
2642.472,616.951
2643.88,617.906
2644.977,623.18
2643.672,617.251
2644.424,617.764
2675.453,625.916
2644.106,617.649
2644.847,623.074
2612.972,594.465
2647.733,621.314
2644.948,623.124
2662.12,623.095
2643.269,616.936
2647.723,620.8
2646.617,619.178
2642.164,616.897
2690.055,605.568
2645.817,618.624
2627.679,596.99
2648.294,622.148
2638.799,617.889
2655.204,618.578
2647.66,621.249
2644.189,617.632
2618.043,595.812
2647.623,620.72
2651.003,623.942
2650.204,623.018
2641.625,619.668
2675.437,634.809
2647.687,621.245
2645.704,624.085
2645.041,623.134
2672.564,633.833
2648.108,622.099
2703.885,626.765
2643.964,616.958
2644.756,622.562
2646.793,624.729
2646.322,619.407
2640.071,618.511
2718.142,655.634
2719.243,655.523
2722.542,658.694
2722.586,658.73
2648.226,622.052
2657.74,621.27
2723.676,638.535
2646.299,619.938
2645.247,623.304
2666.432,613.45
2646.47,619.25
2645.389,623.949
2726.595,660.623
2644.144,616.959
2647.083,619.87
2639.894,618.066
2644.37,618.135
2644.934,622.637
2639.712,618.439
2651,623.486
2639.958,619.07
2647.839,621.381
2642.092,616.35
2642.954,616.858
2716.169,653.973
2648.046,620.859
2641.757,619.55
2641.403,619.417
2619.108,596.754
2643.994,617.5
2640.538,619.024
2644.781,622.568
2645.601,624.069
2644.138,617.588
2641.623,619.08
2643.732,617.337
2643.601,617.262
2643.681,617.306
2627.184,596.711
2641.305,619.394
2642.991,616.822
2644.691,623.19
2627.066,596.668
2627.426,596.944
2643.768,616.811
2644.423,618.568
2623.798,595.57
2641.136,618.766
2644.156,618.132
2638.783,617.875
2624.491,594.79
2632.482,607.616
2641.766,619.064
2642.772,616.247
2644.648,617.301
2644.096,616.964
2628.225,596.615
2626.324,596.078
2632.994,609.539
2641.092,618.903
2660.936,627.2
2649.169,618.847
2644.628,617.281
2643.715,617.39
2644.436,618.221
2666.173,632.613
2641.969,616.169
2626.469,596.54
2647.868,621.402
2643.8,617.386
2643.776,617.382
2625.239,596.254
2627.401,596.932
2644.323,617.23
2643.096,616.967
2644.47,617.267
2643.42,617.297
2644.052,616.983
2626.127,595.832
2645.1,618.22
2634.468,612.83
2643.122,617.002
2642.608,616.673
2644.423,617.722
2614.775,595.566
2644.545,617.721
2626.71,596.484
2643.3,617.083
2645.075,617.769
2644.154,617.672
2644.634,617.925
2643.417,617.067
2644.486,617.942
2643.296,617.061
2642.352,618.039
2643.266,617.081
2644.848,617.7
2644.277,617.639
2644.499,617.941
2739.893,665.254
2639.831,618.001
2641.013,619.174
2644.217,617.739
2643.205,617.064
2644.834,618.168
2643.801,617.386
2641.898,617.725
2645.106,618.221
2645.425,617.564
2643.661,617.287
2641.121,619.221
2670.416,625.003
2641.875,619.729
2642.429,619.594
2632.502,611.226
2644.661,617.928
2644.452,617.72
2641.164,618.806
2642.137,619.499
2645.556,618.34
2643.526,616.554
2645.51,618.149
2633.214,611.666
2646.804,620.356
2644.67,618.023
2641.409,619.398
2644.432,617.903
2644.939,618.084
2644.289,617.695
2641.054,619.233
2646.016,618.418
2643.501,621.164
2643.271,617.061
2641.672,619.757
2641.72,619.781
2715.313,644.598
2645.536,618.155
2630.752,609.866
2644.856,617.454
2646.878,620.759
2642.581,620.289
2631.23,610.117
2644.872,618.187
2642.23,619.995
2643.839,621.342
2631.623,613.93
2645.301,617.806
2644.393,617.284
2644.695,617.49
2644.032,617.03
2641.635,619.008
2644.461,617.715
2649.489,621.647
2643.593,617.243
2642.138,619.415
2640.819,619.135
2643.475,617.093
2645.473,618.083
2644.391,617.737
2639.945,618.559
2631.251,609.648
2641.579,619.881
2643.874,617.485
2634.31,612.388
2667.935,627.17
2628.57,612.026
2646.574,619.39
2628.525,612.021
2644.868,618.311
2644.572,617.974
2641.068,619.349
2640.585,618.895
2642.368,619.759
2645.015,618.662
2645.757,617.906
2646.913,619.584
2640.583,618.867
2641.925,620.015
2629.558,609.082
2645.881,618.941
2646.738,619.553
2642.764,620.123
2641.127,619.268
2645.8,618.031
2688.566,629.534
2688.566,629.534
2647.783,619.349
2632.154,612.953
2642.236,619.964
2640.955,619.243
2734.185,644.715
2643.863,617.342
2645.993,619.061
2644.22,617.581
2828.199,685.567
2645.306,618.539
2645.314,618.536
2645.799,618.953
2641.343,619.473
2627.665,611.236
2644.668,618.308
2643.817,617.44
2643.759,617.32
2643.865,621.569
2644.71,618.167
2625.62,606.016
2627.279,610.628
2643.172,616.929
2643.037,620.8
2643.109,620.792
2643.994,617.463
2643.586,617.292
2632.193,610.98
2598.913,585.556
2629.862,609.188
2644.53,618.12
2646.384,619.314
2641.908,619.801
2642.603,620.735
2644.844,618.186
2642.232,620.103
2641.994,620.478
2641.272,618.996
2644.419,617.718
2640.255,618.756
2640.76,619.069
2641.69,619.658
2643.087,616.437
2641.919,619.752
2645.133,618.784
2642.329,620.364
2643.158,620.885
2640.784,619.174
2643.75,617.302
2643.918,617.382
2644.002,617.371
2640.974,619.154
2645.068,618.479
2645.289,618.62
2641.093,619.159
2644.006,617.389
2648.871,619.435
2648.842,619.435
2643.638,617.222
2641.926,619.803
2641.752,619.61
2758.197,662.928
2640.672,618.863
2758.197,662.928
2642.218,604.111
2643.422,621.023
2650.15,620.318
2641.936,619.818
2641.71,619.586
2649.82,620.11
2641.822,618.694
2644.009,617.465
2644.711,617.96
2704.173,643.411
2649.829,620.083
2650.255,620.88
2642.196,619.957
2640.62,618.918
2742.657,656.865
2642.294,620.565
2649.408,619.829
2643.353,620.572
2642.317,619.923
2835.734,700.701
2645.103,618.745
2640.017,618.74
2642.037,619.753
2641.737,619.618
2641.893,619.705
2648.603,619.3
2649.538,619.894
2746.898,660.82
2643.082,620.8
2642.904,615.899
2714.17,636.616
2641.569,619.536
2714.216,636.603
2642.054,619.757
2739.887,655.505
2647.657,620.864
2644.824,617.997
2641.01,619.095
2641.86,619.807
2641.939,619.812
2648.421,620.688
2635.357,611.96
2650.294,620.528
2641.82,619.724
2643.838,617.603
2652.09,622.397
2645.02,618.029
2650.082,620.282
2663.267,626.226
2646.15,619.209
2631.19,602.585
2641.145,615.65
2678.77,640.986
2752.034,657.426
2647.707,618.89
2653.919,624.341
2642.809,620.67
2644.899,618.015
,
Results for  RHCtesting testing: ,
Correctly classified 7679.0 instances.,
Incorrectly classified 1362.0 instances.,
Percent correctly classified: 84.935%,
Training time: 126.306 seconds,
Testing time: 0.160 seconds,
,
Results for  RHCtraining set: ,
Correctly classified 29743.0 instances.,
Incorrectly classified 6426.0 instances.,
Percent correctly classified: 82.233%,
Training time: 126.306 seconds,
Testing time: 0.160 seconds,
,
Results for  SAtesting testing: ,
Correctly classified 7046.0 instances.,
Incorrectly classified 1995.0 instances.,
Percent correctly classified: 77.934%,
Training time: 122.291 seconds,
Testing time: 0.140 seconds,
,
Results for  SAtraining set: ,
Correctly classified 28666.0 instances.,
Incorrectly classified 7503.0 instances.,
Percent correctly classified: 79.256%,
Training time: 122.291 seconds,
Testing time: 0.140 seconds,
,
Results for  GAtesting testing: ,
Correctly classified 7257.0 instances.,
Incorrectly classified 1784.0 instances.,
Percent correctly classified: 80.268%,
Training time: 3150.202 seconds,
Testing time: 0.134 seconds,
,
Results for  GAtraining set: ,
Correctly classified 29060.0 instances.,
Incorrectly classified 7109.0 instances.,
Percent correctly classified: 80.345%,
Training time: 3150.202 seconds,
Testing time: 0.134 seconds,
,
,
Process finished with exit code 0,